Name,Set,Rarity,RarityWeight,MarketPrice,CurrentPrice,ListingCount,ProductURL,ImageURL
"SV03: Obsidian FlamesSpecial Illustration Rare, #223/197Charizard ex - 223/19774 listings from $74.99Market Price:$126.93","Obsidian Flames","",null,"126.93","74.99","19774","https://www.tcgplayer.com/product/509980/pokemon-sv03-obsidian-flames-charizard-ex-223-197?page=1","data:image/gif;base64,R0lGODlhAQABAIAAAAAAAP///yH5BAEAAAAALAAAAAABAAEAAAIBRAA7"
"SV06: Twilight MasqueradeTwilight Masquerade Elite Trainer Box129 listings from $69.99Market Price:$69.87","Twilight Masquerade","",null,"69.87","69.99","129","https://www.tcgplayer.com/product/543845/pokemon-sv06-twilight-masquerade-twilight-masquerade-elite-trainer-box?page=1","data:image/gif;base64,R0lGODlhAQABAIAAAAAAAP///yH5BAEAAAAALAAAAAABAAEAAAIBRAA7"
"SV03: Obsidian FlamesHyper Rare, #228/197Charizard ex - 228/197106 listings from $19.00Market Price:$25.93","Obsidian Flames","",null,"25.93","19","197106","https://www.tcgplayer.com/product/509989/pokemon-sv03-obsidian-flames-charizard-ex-228-197?page=1","data:image/gif;base64,R0lGODlhAQABAIAAAAAAAP///yH5BAEAAAAALAAAAAABAAEAAAIBRAA7"
"SV03: Obsidian FlamesIllustration Rare, #199/197Ninetales -199/197123 listings from $12.02Market Price:$25.45","Obsidian Flames","",null,"25.45","12.02","197123","https://www.tcgplayer.com/product/509945/pokemon-sv03-obsidian-flames-ninetales-199-197?page=1","data:image/gif;base64,R0lGODlhAQABAIAAAAAAAP///yH5BAEAAAAALAAAAAABAAEAAAIBRAA7"
"SV03: Obsidian FlamesIllustration Rare, #202/197Cleffa - 202/197135 listings from $13.88Market Price:$17.31","Obsidian Flames","",null,"17.31","13.88","197135","https://www.tcgplayer.com/product/509949/pokemon-sv03-obsidian-flames-cleffa-202-197?page=1","data:image/gif;base64,R0lGODlhAQABAIAAAAAAAP///yH5BAEAAAAALAAAAAABAAEAAAIBRAA7"
"SV: Shrouded FableDouble Rare, #038/064Fezandipiti ex - 038/064176 listings from $15.75Market Price:$17.19","Shrouded Fable","",null,"17.19","15.75","64176","https://www.tcgplayer.com/product/560348/pokemon-sv-shrouded-fable-fezandipiti-ex-038-064?page=1","https://tcgplayer-cdn.tcgplayer.com/product/560348_in_200x200.jpg"
"SV06: Twilight MasqueradeACE SPEC Rare, #163/167Secret Box153 listings from $15.00Market Price:$16.31","Twilight Masquerade","",null,"16.31","15","153","https://www.tcgplayer.com/product/550207/pokemon-sv06-twilight-masquerade-secret-box?page=1","data:image/gif;base64,R0lGODlhAQABAIAAAAAAAP///yH5BAEAAAAALAAAAAABAAEAAAIBRAA7"
"SV: Scarlet & Violet Promo CardsPromo, #208Victini - 20879 listings from $15.00Market Price:$15.88","All Pokemon Products","",null,"15.88","15","20879","https://www.tcgplayer.com/product/646169/pokemon-sv-scarlet-and-violet-promo-cards-victini-208?page=1","https://tcgplayer-cdn.tcgplayer.com/product/646169_in_200x200.jpg"
"SV: Paldean FatesPaldean Fates Booster Pack38 listings from $15.72Market Price:$15.84","SV: Paldean Fates","",null,"15.84","15.72","38","https://www.tcgplayer.com/product/528038/pokemon-sv-paldean-fates-paldean-fates-booster-pack?page=1","data:image/gif;base64,R0lGODlhAQABAIAAAAAAAP///yH5BAEAAAAALAAAAAABAAEAAAIBRAA7"
"SV03: Obsidian FlamesSpecial Illustration Rare, #225/197Pidgeot ex - 225/197177 listings from $10.22Market Price:$13.62","Obsidian Flames","",null,"13.62","10.22","197177","https://www.tcgplayer.com/product/509983/pokemon-sv03-obsidian-flames-pidgeot-ex-225-197?page=1","data:image/gif;base64,R0lGODlhAQABAIAAAAAAAP///yH5BAEAAAAALAAAAAABAAEAAAIBRAA7"
"SV04: Paradox RiftDouble Rare, #139/182Gholdengo ex - 139/18273 listings from $12.51Market Price:$12.82","Paradox Rift","",null,"12.82","12.51","18273","https://www.tcgplayer.com/product/523818/pokemon-sv04-paradox-rift-gholdengo-ex-139-182?page=1","https://tcgplayer-cdn.tcgplayer.com/product/523818_in_200x200.jpg"
"SV: Scarlet & Violet 151151 Booster Pack53 listings from $3.57Market Price:$12.82","All Pokemon Products","",null,"12.82","3.57","53","https://www.tcgplayer.com/product/504467/pokemon-sv-scarlet-and-violet-151-151-booster-pack?page=1","data:image/gif;base64,R0lGODlhAQABAIAAAAAAAP///yH5BAEAAAAALAAAAAABAAEAAAIBRAA7"
"SV05: Temporal ForcesACE SPEC Rare, #162/162Neo Upper Energy69 listings from $12.00Market Price:$12.66","Temporal Forces","",null,"12.66","12","69","https://www.tcgplayer.com/product/542682/pokemon-sv05-temporal-forces-neo-upper-energy?page=1","data:image/gif;base64,R0lGODlhAQABAIAAAAAAAP///yH5BAEAAAAALAAAAAABAAEAAAIBRAA7"
"SV03: Obsidian FlamesIllustration Rare, #198/197Gloom - 198/197142 listings from $7.85Market Price:$11.52","Obsidian Flames","",null,"11.52","7.85","197142","https://www.tcgplayer.com/product/509944/pokemon-sv03-obsidian-flames-gloom-198-197?page=1","data:image/gif;base64,R0lGODlhAQABAIAAAAAAAP///yH5BAEAAAAALAAAAAABAAEAAAIBRAA7"
"SV03: Obsidian FlamesIllustration Rare, #205/197Scizor - 205/197251 listings from $4.99Market Price:$10.13","Obsidian Flames","",null,"10.13","4.99","197251","https://www.tcgplayer.com/product/509952/pokemon-sv03-obsidian-flames-scizor-205-197?page=1","data:image/gif;base64,R0lGODlhAQABAIAAAAAAAP///yH5BAEAAAAALAAAAAABAAEAAAIBRAA7"
"SV: Prismatic EvolutionsPrismatic Evolutions Booster Pack125 listings from $6.99Market Price:$9.51","All Pokemon Products","",null,"9.51","6.99","125","https://www.tcgplayer.com/product/593294/pokemon-sv-prismatic-evolutions-prismatic-evolutions-booster-pack?page=1","data:image/gif;base64,R0lGODlhAQABAIAAAAAAAP///yH5BAEAAAAALAAAAAABAAEAAAIBRAA7"
"SV06: Twilight MasqueradeTwilight Masquerade Booster Pack43 listings from $1.76Market Price:$6.97","Twilight Masquerade","",null,"6.97","1.76","43","https://www.tcgplayer.com/product/543843/pokemon-sv06-twilight-masquerade-twilight-masquerade-booster-pack?page=1","data:image/gif;base64,R0lGODlhAQABAIAAAAAAAP///yH5BAEAAAAALAAAAAABAAEAAAIBRAA7"
"CelebrationsHolo Rare, #005/025Pikachu313 listings from $3.15Market Price:$6.75","All Pokemon Products","",null,"6.75","3.15","313","https://www.tcgplayer.com/product/250303/pokemon-celebrations-pikachu?page=1","data:image/gif;base64,R0lGODlhAQABAIAAAAAAAP///yH5BAEAAAAALAAAAAABAAEAAAIBRAA7"
"SV03: Obsidian FlamesObsidian Flames Booster Pack57 listings from $2.29Market Price:$6.75","Obsidian Flames","",null,"6.75","2.29","57","https://www.tcgplayer.com/product/501256/pokemon-sv03-obsidian-flames-obsidian-flames-booster-pack?page=1","data:image/gif;base64,R0lGODlhAQABAIAAAAAAAP///yH5BAEAAAAALAAAAAABAAEAAAIBRAA7"
"SV07: Stellar CrownStellar Crown Booster Pack60 listings from $2.19Market Price:$6.48","Stellar Crown","",null,"6.48","2.19","60","https://www.tcgplayer.com/product/557331/pokemon-sv07-stellar-crown-stellar-crown-booster-pack?page=1","data:image/gif;base64,R0lGODlhAQABAIAAAAAAAP///yH5BAEAAAAALAAAAAABAAEAAAIBRAA7"
"SV05: Temporal ForcesTemporal Forces Booster Pack67 listings from $2.48Market Price:$6.21","Temporal Forces","",null,"6.21","2.48","67","https://www.tcgplayer.com/product/532841/pokemon-sv05-temporal-forces-temporal-forces-booster-pack?page=1","data:image/gif;base64,R0lGODlhAQABAIAAAAAAAP///yH5BAEAAAAALAAAAAABAAEAAAIBRAA7"
"SV03: Obsidian FlamesIllustration Rare, #208/197Pidgeotto - 208/197230 listings from $4.75Market Price:$5.96","Obsidian Flames","",null,"5.96","4.75","197230","https://www.tcgplayer.com/product/509956/pokemon-sv03-obsidian-flames-pidgeotto-208-197?page=1","data:image/gif;base64,R0lGODlhAQABAIAAAAAAAP///yH5BAEAAAAALAAAAAABAAEAAAIBRAA7"
"SV04: Paradox RiftParadox Rift Booster Pack64 listings from $5.75Market Price:$5.84","Paradox Rift","",null,"5.84","5.75","64","https://www.tcgplayer.com/product/512822/pokemon-sv04-paradox-rift-paradox-rift-booster-pack?page=1","data:image/gif;base64,R0lGODlhAQABAIAAAAAAAP///yH5BAEAAAAALAAAAAABAAEAAAIBRAA7"
"SV03: Obsidian FlamesDouble Rare, #125/197Charizard ex - 125/197153 listings from $2.89Market Price:$4.62","Obsidian Flames","",null,"4.62","2.89","197153","https://www.tcgplayer.com/product/509879/pokemon-sv03-obsidian-flames-charizard-ex-125-197?page=1","data:image/gif;base64,R0lGODlhAQABAIAAAAAAAP///yH5BAEAAAAALAAAAAABAAEAAAIBRAA7"
"SV07: Stellar CrownIllustration Rare, #147/142Raboot - 147/142349 listings from $3.99Market Price:$4.17","Stellar Crown","",null,"4.17","3.99","142349","https://www.tcgplayer.com/product/567427/pokemon-sv07-stellar-crown-raboot-147-142?page=1","data:image/gif;base64,R0lGODlhAQABAIAAAAAAAP///yH5BAEAAAAALAAAAAABAAEAAAIBRAA7"
"SV05: Temporal ForcesACE SPEC Rare, #152/162Hero's Cape411 listings from $3.00Market Price:$3.96","Temporal Forces","",null,"3.96","3","411","https://www.tcgplayer.com/product/542667/pokemon-sv05-temporal-forces-heros-cape?page=1","data:image/gif;base64,R0lGODlhAQABAIAAAAAAAP///yH5BAEAAAAALAAAAAABAAEAAAIBRAA7"
"SV03: Obsidian FlamesHyper Rare, #230/197Basic Fire Energy - 230/197160 listings from $4.27Market Price:$3.72","Obsidian Flames","",null,"3.72","4.27","197160","https://www.tcgplayer.com/product/509992/pokemon-sv03-obsidian-flames-basic-fire-energy-230-197?page=1","data:image/gif;base64,R0lGODlhAQABAIAAAAAAAP///yH5BAEAAAAALAAAAAABAAEAAAIBRAA7"
"SV03: Obsidian FlamesUncommon, #186/197Arven396 listings from $3.69Market Price:$3.62","Obsidian Flames","",null,"3.62","3.69","396","https://www.tcgplayer.com/product/509778/pokemon-sv03-obsidian-flames-arven?page=1","https://tcgplayer-cdn.tcgplayer.com/product/509778_in_200x200.jpg"
"CelebrationsHolo Rare, #011/025Mew218 listings from $1.74Market Price:$3.49","All Pokemon Products","",null,"3.49","1.74","218","https://www.tcgplayer.com/product/250309/pokemon-celebrations-mew?page=1","data:image/gif;base64,R0lGODlhAQABAIAAAAAAAP///yH5BAEAAAAALAAAAAABAAEAAAIBRAA7"
"SV: Paldean FatesDouble Rare, #054/091Charizard ex - 054/091222 listings from $2.50Market Price:$3.34","SV: Paldean Fates","",null,"3.34","2.5","91222","https://www.tcgplayer.com/product/534416/pokemon-sv-paldean-fates-charizard-ex-054-091?page=1","data:image/gif;base64,R0lGODlhAQABAIAAAAAAAP///yH5BAEAAAAALAAAAAABAAEAAAIBRAA7"
"SV05: Temporal ForcesDouble Rare, #104/162Gengar ex - 104/162179 listings from $3.28Market Price:$3.26","Temporal Forces","",null,"3.26","3.28","162179","https://www.tcgplayer.com/product/542848/pokemon-sv05-temporal-forces-gengar-ex-104-162?page=1","data:image/gif;base64,R0lGODlhAQABAIAAAAAAAP///yH5BAEAAAAALAAAAAABAAEAAAIBRAA7"
"SV05: Temporal ForcesDouble Rare, #123/162Raging Bolt ex - 123/162404 listings from $2.38Market Price:$3.17","Temporal Forces","",null,"3.17","2.38","162404","https://www.tcgplayer.com/product/542867/pokemon-sv05-temporal-forces-raging-bolt-ex-123-162?page=1","data:image/gif;base64,R0lGODlhAQABAIAAAAAAAP///yH5BAEAAAAALAAAAAABAAEAAAIBRAA7"
"McDonald's Promos 2023Promo, #006/015Pikachu145 listings from $1.30Market Price:$3.08","McDonald's Promos 2023","",null,"3.08","1.3","145","https://www.tcgplayer.com/product/516517/pokemon-mcdonalds-promos-2023-pikachu?page=1","https://tcgplayer-cdn.tcgplayer.com/product/516517_in_200x200.jpg"
"SV: Shrouded FableUncommon, #061/064Night Stretcher730 listings from $3.00Market Price:$3.05","Shrouded Fable","",null,"3.05","3","730","https://www.tcgplayer.com/product/560372/pokemon-sv-shrouded-fable-night-stretcher?page=1","https://tcgplayer-cdn.tcgplayer.com/product/560372_in_200x200.jpg"
"SV03: Obsidian FlamesIllustration Rare, #201/197Bellibolt - 201/197302 listings from $2.99Market Price:$2.98","Obsidian Flames","",null,"2.98","2.99","197302","https://www.tcgplayer.com/product/509948/pokemon-sv03-obsidian-flames-bellibolt-201-197?page=1","data:image/gif;base64,R0lGODlhAQABAIAAAAAAAP///yH5BAEAAAAALAAAAAABAAEAAAIBRAA7"
"McDonald's Promos 2023McDonald's 2023 Match & Battle Pack17 listings from $2.75Market Price:$2.70","McDonald's Promos 2023","",null,"2.7","2.75","17","https://www.tcgplayer.com/product/516527/pokemon-mcdonalds-promos-2023-mcdonalds-2023-match-and-battle-pack?page=1","https://tcgplayer-cdn.tcgplayer.com/product/516527_in_200x200.jpg"
"SV03: Obsidian FlamesDouble Rare, #164/197Pidgeot ex398 listings from $2.00Market Price:$2.54","Obsidian Flames","",null,"2.54","2","398","https://www.tcgplayer.com/product/509670/pokemon-sv03-obsidian-flames-pidgeot-ex?page=1","data:image/gif;base64,R0lGODlhAQABAIAAAAAAAP///yH5BAEAAAAALAAAAAABAAEAAAIBRAA7"
"SV01: Scarlet & Violet Base SetUncommon, #166/198Arven - 166/198592 listings from $2.00Market Price:$2.38","All Pokemon Products","",null,"2.38","2","198592","https://www.tcgplayer.com/product/488071/pokemon-sv01-scarlet-and-violet-base-set-arven-166-198?page=1","data:image/gif;base64,R0lGODlhAQABAIAAAAAAAP///yH5BAEAAAAALAAAAAABAAEAAAIBRAA7"
"SV: White FlareUncommon, #084/086Hilda464 listings from $2.25Market Price:$2.30","All Pokemon Products","",null,"2.3","2.25","464","https://www.tcgplayer.com/product/642200/pokemon-sv-white-flare-hilda?page=1","https://tcgplayer-cdn.tcgplayer.com/product/642200_in_200x200.jpg"
"McDonald's Promos 2023Promo, #015/015Kirlia39 listings from $1.35Market Price:$2.17","McDonald's Promos 2023","",null,"2.17","1.35","39","https://www.tcgplayer.com/product/516526/pokemon-mcdonalds-promos-2023-kirlia?page=1","data:image/gif;base64,R0lGODlhAQABAIAAAAAAAP///yH5BAEAAAAALAAAAAABAAEAAAIBRAA7"
"SV06: Twilight MasqueradeDouble Rare, #141/167Bloodmoon Ursaluna ex - 141/167315 listings from $2.27Market Price:$2.06","Twilight Masquerade","",null,"2.06","2.27","167315","https://www.tcgplayer.com/product/550185/pokemon-sv06-twilight-masquerade-bloodmoon-ursaluna-ex-141-167?page=1","data:image/gif;base64,R0lGODlhAQABAIAAAAAAAP///yH5BAEAAAAALAAAAAABAAEAAAIBRAA7"
"SV: Paldean FatesIllustration Rare, #225/091Palafin - 225/091398 listings from $1.36Market Price:$1.91","SV: Paldean Fates","",null,"1.91","1.36","91398","https://www.tcgplayer.com/product/534736/pokemon-sv-paldean-fates-palafin-225-091?page=1","data:image/gif;base64,R0lGODlhAQABAIAAAAAAAP///yH5BAEAAAAALAAAAAABAAEAAAIBRAA7"
"SV06: Twilight MasqueradeDouble Rare, #025/167Teal Mask Ogerpon ex - 025/167547 listings from $1.76Market Price:$1.75","Twilight Masquerade","",null,"1.75","1.76","167547","https://www.tcgplayer.com/product/550069/pokemon-sv06-twilight-masquerade-teal-mask-ogerpon-ex-025-167?page=1","data:image/gif;base64,R0lGODlhAQABAIAAAAAAAP///yH5BAEAAAAALAAAAAABAAEAAAIBRAA7"
"SV04: Paradox RiftDouble Rare, #058/182Mewtwo ex380 listings from $1.64Market Price:$1.70","Paradox Rift","",null,"1.7","1.64","380","https://www.tcgplayer.com/product/523670/pokemon-sv04-paradox-rift-mewtwo-ex?page=1","data:image/gif;base64,R0lGODlhAQABAIAAAAAAAP///yH5BAEAAAAALAAAAAABAAEAAAIBRAA7"
"SV04: Paradox RiftUncommon, #160/182Counter Catcher747 listings from $1.60Market Price:$1.68","Paradox Rift","",null,"1.68","1.6","747","https://www.tcgplayer.com/product/523841/pokemon-sv04-paradox-rift-counter-catcher?page=1","https://tcgplayer-cdn.tcgplayer.com/product/523841_in_200x200.jpg"
"McDonald's Promos 2023Promo, #001/015Sprigatito121 listings from $0.75Market Price:$1.64","McDonald's Promos 2023","",null,"1.64","0.75","121","https://www.tcgplayer.com/product/516512/pokemon-mcdonalds-promos-2023-sprigatito?page=1","data:image/gif;base64,R0lGODlhAQABAIAAAAAAAP///yH5BAEAAAAALAAAAAABAAEAAAIBRAA7"
"SV06: Twilight MasqueradeDouble Rare, #130/167Dragapult ex - 130/167552 listings from $1.54Market Price:$1.56","Twilight Masquerade","",null,"1.56","1.54","167552","https://www.tcgplayer.com/product/550174/pokemon-sv06-twilight-masquerade-dragapult-ex-130-167?page=1","https://tcgplayer-cdn.tcgplayer.com/product/550174_in_200x200.jpg"
"SV: Paldean FatesIllustration Rare, #224/091Wugtrio - 224/091491 listings from $1.25Market Price:$1.49","SV: Paldean Fates","",null,"1.49","1.25","91491","https://www.tcgplayer.com/product/534731/pokemon-sv-paldean-fates-wugtrio-224-091?page=1","data:image/gif;base64,R0lGODlhAQABAIAAAAAAAP///yH5BAEAAAAALAAAAAABAAEAAAIBRAA7"
"SV: Paldean FatesIllustration Rare, #226/091Pawmi - 226/091535 listings from $1.35Market Price:$1.45","SV: Paldean Fates","",null,"1.45","1.35","91535","https://www.tcgplayer.com/product/534739/pokemon-sv-paldean-fates-pawmi-226-091?page=1","data:image/gif;base64,R0lGODlhAQABAIAAAAAAAP///yH5BAEAAAAALAAAAAABAAEAAAIBRAA7"
"SV05: Temporal ForcesACE SPEC Rare, #154/162Maximum Belt533 listings from $1.02Market Price:$1.30","Temporal Forces","",null,"1.3","1.02","533","https://www.tcgplayer.com/product/542670/pokemon-sv05-temporal-forces-maximum-belt?page=1","data:image/gif;base64,R0lGODlhAQABAIAAAAAAAP///yH5BAEAAAAALAAAAAABAAEAAAIBRAA7"
"SV07: Stellar CrownDouble Rare, #030/142Blastoise ex405 listings from $1.41Market Price:$1.25","Stellar Crown","",null,"1.25","1.41","405","https://www.tcgplayer.com/product/567256/pokemon-sv07-stellar-crown-blastoise-ex?page=1","data:image/gif;base64,R0lGODlhAQABAIAAAAAAAP///yH5BAEAAAAALAAAAAABAAEAAAIBRAA7"
"SV05: Temporal ForcesACE SPEC Rare, #153/162Master Ball512 listings from $0.49Market Price:$1.23","Temporal Forces","",null,"1.23","0.49","512","https://www.tcgplayer.com/product/542668/pokemon-sv05-temporal-forces-master-ball?page=1","data:image/gif;base64,R0lGODlhAQABAIAAAAAAAP///yH5BAEAAAAALAAAAAABAAEAAAIBRAA7"
"McDonald's Promos 2023Promo, #002/015Fuecoco134 listings from $0.63Market Price:$1.13","McDonald's Promos 2023","",null,"1.13","0.63","134","https://www.tcgplayer.com/product/516513/pokemon-mcdonalds-promos-2023-fuecoco?page=1","data:image/gif;base64,R0lGODlhAQABAIAAAAAAAP///yH5BAEAAAAALAAAAAABAAEAAAIBRAA7"
"SV07: Stellar CrownDouble Rare, #032/142Lapras ex - 032/142528 listings from $0.58Market Price:$1.13","Stellar Crown","",null,"1.13","0.58","142528","https://www.tcgplayer.com/product/567258/pokemon-sv07-stellar-crown-lapras-ex-032-142?page=1","data:image/gif;base64,R0lGODlhAQABAIAAAAAAAP///yH5BAEAAAAALAAAAAABAAEAAAIBRAA7"
"SV: Paldean FatesCommon, #050/091Barboach594 listings from $0.50Market Price:$1.09","SV: Paldean Fates","",null,"1.09","0.5","594","https://www.tcgplayer.com/product/534211/pokemon-sv-paldean-fates-barboach?page=1","https://tcgplayer-cdn.tcgplayer.com/product/534211_in_200x200.jpg"
"SV02: Paldea EvolvedUncommon, #191/193Luminous Energy403 listings from $0.66Market Price:$1.08","All Pokemon Products","",null,"1.08","0.66","403","https://www.tcgplayer.com/product/497564/pokemon-sv02-paldea-evolved-luminous-energy?page=1","data:image/gif;base64,R0lGODlhAQABAIAAAAAAAP///yH5BAEAAAAALAAAAAABAAEAAAIBRAA7"
"SV06: Twilight MasqueradeACE SPEC Rare, #167/167Legacy Energy525 listings from $0.78Market Price:$1.07","Twilight Masquerade","",null,"1.07","0.78","525","https://www.tcgplayer.com/product/550211/pokemon-sv06-twilight-masquerade-legacy-energy?page=1","data:image/gif;base64,R0lGODlhAQABAIAAAAAAAP///yH5BAEAAAAALAAAAAABAAEAAAIBRAA7"
"SV: Black BoltUncommon, #079/086Air Balloon569 listings from $0.74Market Price:$1.02","All Pokemon Products","",null,"1.02","0.74","569","https://www.tcgplayer.com/product/642531/pokemon-sv-black-bolt-air-balloon?page=1","data:image/gif;base64,R0lGODlhAQABAIAAAAAAAP///yH5BAEAAAAALAAAAAABAAEAAAIBRAA7"
"McDonald's Promos 2023Promo, #003/015Quaxly153 listings from $0.63Market Price:$0.99","McDonald's Promos 2023","",null,"0.99","0.63","153","https://www.tcgplayer.com/product/516514/pokemon-mcdonalds-promos-2023-quaxly?page=1","data:image/gif;base64,R0lGODlhAQABAIAAAAAAAP///yH5BAEAAAAALAAAAAABAAEAAAIBRAA7"
"SV07: Stellar CrownDouble Rare, #001/142Venusaur ex529 listings from $0.97Market Price:$0.97","Stellar Crown","",null,"0.97","0.97","529","https://www.tcgplayer.com/product/567227/pokemon-sv07-stellar-crown-venusaur-ex?page=1","data:image/gif;base64,R0lGODlhAQABAIAAAAAAAP///yH5BAEAAAAALAAAAAABAAEAAAIBRAA7"
"SV07: Stellar CrownDouble Rare, #128/142Terapagos ex - 128/142698 listings from $1.00Market Price:$0.96","Stellar Crown","",null,"0.96","1","142698","https://www.tcgplayer.com/product/567376/pokemon-sv07-stellar-crown-terapagos-ex-128-142?page=1","data:image/gif;base64,R0lGODlhAQABAIAAAAAAAP///yH5BAEAAAAALAAAAAABAAEAAAIBRAA7"
"SV06: Twilight MasqueradeDouble Rare, #106/167Greninja ex - 106/167599 listings from $0.99Market Price:$0.89","Twilight Masquerade","",null,"0.89","0.99","167599","https://www.tcgplayer.com/product/550150/pokemon-sv06-twilight-masquerade-greninja-ex-106-167?page=1","data:image/gif;base64,R0lGODlhAQABAIAAAAAAAP///yH5BAEAAAAALAAAAAABAAEAAAIBRAA7"
"SV05: Temporal ForcesDouble Rare, #025/162Iron Leaves ex - 025/162621 listings from $0.75Market Price:$0.89","Temporal Forces","",null,"0.89","0.75","162621","https://www.tcgplayer.com/product/542769/pokemon-sv05-temporal-forces-iron-leaves-ex-025-162?page=1","data:image/gif;base64,R0lGODlhAQABAIAAAAAAAP///yH5BAEAAAAALAAAAAABAAEAAAIBRAA7"
"SV: Paldean FatesDouble Rare, #029/091Gardevoir ex - 029/091536 listings from $0.79Market Price:$0.88","SV: Paldean Fates","",null,"0.88","0.79","91536","https://www.tcgplayer.com/product/534175/pokemon-sv-paldean-fates-gardevoir-ex-029-091?page=1","data:image/gif;base64,R0lGODlhAQABAIAAAAAAAP///yH5BAEAAAAALAAAAAABAAEAAAIBRAA7"
"SV07: Stellar CrownDouble Rare, #041/142Greninja ex604 listings from $0.84Market Price:$0.87","Stellar Crown","",null,"0.87","0.84","604","https://www.tcgplayer.com/product/567267/pokemon-sv07-stellar-crown-greninja-ex?page=1","data:image/gif;base64,R0lGODlhAQABAIAAAAAAAP///yH5BAEAAAAALAAAAAABAAEAAAIBRAA7"
"SV04: Paradox RiftDouble Rare, #155/182Maushold ex525 listings from $0.50Market Price:$0.87","Paradox Rift","",null,"0.87","0.5","525","https://www.tcgplayer.com/product/523836/pokemon-sv04-paradox-rift-maushold-ex?page=1","data:image/gif;base64,R0lGODlhAQABAIAAAAAAAP///yH5BAEAAAAALAAAAAABAAEAAAIBRAA7"
"SV06: Twilight MasqueradeRare, #095/167Munkidori538 listings from $0.88Market Price:$0.85","Twilight Masquerade","",null,"0.85","0.88","538","https://www.tcgplayer.com/product/550139/pokemon-sv06-twilight-masquerade-munkidori?page=1","https://tcgplayer-cdn.tcgplayer.com/product/550139_in_200x200.jpg"
"SV: Scarlet & Violet Promo CardsPromo, #168Vaporeon - 168339 listings from $0.55Market Price:$0.83","All Pokemon Products","",null,"0.83","0.55","168339","https://www.tcgplayer.com/product/611827/pokemon-sv-scarlet-and-violet-promo-cards-vaporeon-168?page=1","https://tcgplayer-cdn.tcgplayer.com/product/611827_in_200x200.jpg"
"SV07: Stellar CrownDouble Rare, #082/142Lucario ex589 listings from $0.63Market Price:$0.82","Stellar Crown","",null,"0.82","0.63","589","https://www.tcgplayer.com/product/567308/pokemon-sv07-stellar-crown-lucario-ex?page=1","data:image/gif;base64,R0lGODlhAQABAIAAAAAAAP///yH5BAEAAAAALAAAAAABAAEAAAIBRAA7"
"SV: Scarlet & Violet Promo CardsPromo, #169Jolteon - 169372 listings from $0.50Market Price:$0.79","All Pokemon Products","",null,"0.79","0.5","169372","https://www.tcgplayer.com/product/611828/pokemon-sv-scarlet-and-violet-promo-cards-jolteon-169?page=1","https://tcgplayer-cdn.tcgplayer.com/product/611828_in_200x200.jpg"
"SV: Shrouded FableDouble Rare, #039/064Pecharunt ex - 039/064591 listings from $0.74Market Price:$0.77","Shrouded Fable","",null,"0.77","0.74","64591","https://www.tcgplayer.com/product/560349/pokemon-sv-shrouded-fable-pecharunt-ex-039-064?page=1","data:image/gif;base64,R0lGODlhAQABAIAAAAAAAP///yH5BAEAAAAALAAAAAABAAEAAAIBRAA7"
"SV06: Twilight MasqueradeDouble Rare, #134/167Blissey ex - 134/167611 listings from $0.62Market Price:$0.77","Twilight Masquerade","",null,"0.77","0.62","167611","https://www.tcgplayer.com/product/550178/pokemon-sv06-twilight-masquerade-blissey-ex-134-167?page=1","data:image/gif;base64,R0lGODlhAQABAIAAAAAAAP///yH5BAEAAAAALAAAAAABAAEAAAIBRAA7"
"SV: Shrouded FableACE SPEC Rare, #060/064Neutralization Zone416 listings from $0.87Market Price:$0.76","Shrouded Fable","",null,"0.76","0.87","416","https://www.tcgplayer.com/product/560371/pokemon-sv-shrouded-fable-neutralization-zone?page=1","data:image/gif;base64,R0lGODlhAQABAIAAAAAAAP///yH5BAEAAAAALAAAAAABAAEAAAIBRAA7"
"SV06: Twilight MasqueradeDouble Rare, #064/167Wellspring Mask Ogerpon ex - 064/167581 listings from $0.60Market Price:$0.76","Twilight Masquerade","",null,"0.76","0.6","167581","https://www.tcgplayer.com/product/550108/pokemon-sv06-twilight-masquerade-wellspring-mask-ogerpon-ex-064-167?page=1","data:image/gif;base64,R0lGODlhAQABAIAAAAAAAP///yH5BAEAAAAALAAAAAABAAEAAAIBRAA7"
"SV07: Stellar CrownDouble Rare, #028/142Cinderace ex - 028/142753 listings from $0.64Market Price:$0.72","Stellar Crown","",null,"0.72","0.64","142753","https://www.tcgplayer.com/product/567254/pokemon-sv07-stellar-crown-cinderace-ex-028-142?page=1","data:image/gif;base64,R0lGODlhAQABAIAAAAAAAP///yH5BAEAAAAALAAAAAABAAEAAAIBRAA7"
"SV: Paldean FatesUltra Rare, #230/091Paldean Student - 230/091707 listings from $0.52Market Price:$0.72","SV: Paldean Fates","",null,"0.72","0.52","91707","https://www.tcgplayer.com/product/534757/pokemon-sv-paldean-fates-paldean-student-230-091?page=1","data:image/gif;base64,R0lGODlhAQABAIAAAAAAAP///yH5BAEAAAAALAAAAAABAAEAAAIBRAA7"
"SV: Scarlet & Violet Promo CardsPromo, #167Flareon - 167380 listings from $0.25Market Price:$0.69","All Pokemon Products","",null,"0.69","0.25","167380","https://www.tcgplayer.com/product/611826/pokemon-sv-scarlet-and-violet-promo-cards-flareon-167?page=1","data:image/gif;base64,R0lGODlhAQABAIAAAAAAAP///yH5BAEAAAAALAAAAAABAAEAAAIBRAA7"
"SV05: Temporal ForcesDouble Rare, #034/162Incineroar ex - 034/162503 listings from $0.66Market Price:$0.67","Temporal Forces","",null,"0.67","0.66","162503","https://www.tcgplayer.com/product/542778/pokemon-sv05-temporal-forces-incineroar-ex-034-162?page=1","data:image/gif;base64,R0lGODlhAQABAIAAAAAAAP///yH5BAEAAAAALAAAAAABAAEAAAIBRAA7"
"SV06: Twilight MasqueradeDouble Rare, #112/167Cornerstone Mask Ogerpon ex - 112/167513 listings from $0.65Market Price:$0.66","Twilight Masquerade","",null,"0.66","0.65","167513","https://www.tcgplayer.com/product/550156/pokemon-sv06-twilight-masquerade-cornerstone-mask-ogerpon-ex-112-167?page=1","data:image/gif;base64,R0lGODlhAQABAIAAAAAAAP///yH5BAEAAAAALAAAAAABAAEAAAIBRAA7"
"SV07: Stellar CrownDouble Rare, #089/142Garganacl ex514 listings from $0.50Market Price:$0.65","Stellar Crown","",null,"0.65","0.5","514","https://www.tcgplayer.com/product/567315/pokemon-sv07-stellar-crown-garganacl-ex?page=1","data:image/gif;base64,R0lGODlhAQABAIAAAAAAAP///yH5BAEAAAAALAAAAAABAAEAAAIBRAA7"
"SV05: Temporal ForcesDouble Rare, #050/162Walking Wake ex - 050/162496 listings from $0.50Market Price:$0.64","Temporal Forces","",null,"0.64","0.5","162496","https://www.tcgplayer.com/product/542794/pokemon-sv05-temporal-forces-walking-wake-ex-050-162?page=1","data:image/gif;base64,R0lGODlhAQABAIAAAAAAAP///yH5BAEAAAAALAAAAAABAAEAAAIBRAA7"
"SV05: Temporal ForcesDouble Rare, #038/162Gouging Fire ex - 038/162581 listings from $0.55Market Price:$0.63","Temporal Forces","",null,"0.63","0.55","162581","https://www.tcgplayer.com/product/542782/pokemon-sv05-temporal-forces-gouging-fire-ex-038-162?page=1","data:image/gif;base64,R0lGODlhAQABAIAAAAAAAP///yH5BAEAAAAALAAAAAABAAEAAAIBRAA7"
"SV05: Temporal ForcesDouble Rare, #111/162Scizor ex - 111/162541 listings from $0.58Market Price:$0.58","Temporal Forces","",null,"0.58","0.58","162541","https://www.tcgplayer.com/product/542855/pokemon-sv05-temporal-forces-scizor-ex-111-162?page=1","data:image/gif;base64,R0lGODlhAQABAIAAAAAAAP///yH5BAEAAAAALAAAAAABAAEAAAIBRAA7"
"SV: Shrouded FableDouble Rare, #036/064Okidogi ex - 036/064583 listings from $0.54Market Price:$0.57","Shrouded Fable","",null,"0.57","0.54","64583","https://www.tcgplayer.com/product/560346/pokemon-sv-shrouded-fable-okidogi-ex-036-064?page=1","data:image/gif;base64,R0lGODlhAQABAIAAAAAAAP///yH5BAEAAAAALAAAAAABAAEAAAIBRAA7"
"SV05: Temporal ForcesDouble Rare, #120/162Koraidon ex472 listings from $0.48Market Price:$0.57","Temporal Forces","",null,"0.57","0.48","472","https://www.tcgplayer.com/product/542864/pokemon-sv05-temporal-forces-koraidon-ex?page=1","data:image/gif;base64,R0lGODlhAQABAIAAAAAAAP///yH5BAEAAAAALAAAAAABAAEAAAIBRAA7"
"McDonald's Promos 2023Promo, #011/015Klawf185 listings from $0.34Market Price:$0.57","McDonald's Promos 2023","",null,"0.57","0.34","185","https://www.tcgplayer.com/product/516522/pokemon-mcdonalds-promos-2023-klawf?page=1","data:image/gif;base64,R0lGODlhAQABAIAAAAAAAP///yH5BAEAAAAALAAAAAABAAEAAAIBRAA7"
"SV: Paldean FatesDouble Rare, #059/091Paldean Clodsire ex - 059/091380 listings from $0.48Market Price:$0.56","SV: Paldean Fates","",null,"0.56","0.48","91380","https://www.tcgplayer.com/product/534421/pokemon-sv-paldean-fates-paldean-clodsire-ex-059-091?page=1","data:image/gif;base64,R0lGODlhAQABAIAAAAAAAP///yH5BAEAAAAALAAAAAABAAEAAAIBRAA7"
"SV: Paldean FatesUltra Rare, #227/091Clive - 227/091780 listings from $0.40Market Price:$0.56","SV: Paldean Fates","",null,"0.56","0.4","91780","https://www.tcgplayer.com/product/534743/pokemon-sv-paldean-fates-clive-227-091?page=1","data:image/gif;base64,R0lGODlhAQABAIAAAAAAAP///yH5BAEAAAAALAAAAAABAAEAAAIBRAA7"
"SV03: Obsidian FlamesDouble Rare, #073/197Pawmot ex554 listings from $0.50Market Price:$0.55","Obsidian Flames","",null,"0.55","0.5","554","https://www.tcgplayer.com/product/509846/pokemon-sv03-obsidian-flames-pawmot-ex?page=1","data:image/gif;base64,R0lGODlhAQABAIAAAAAAAP///yH5BAEAAAAALAAAAAABAAEAAAIBRAA7"
"McDonald's Promos 2023Promo, #005/015Cetitan176 listings from $0.26Market Price:$0.55","McDonald's Promos 2023","",null,"0.55","0.26","176","https://www.tcgplayer.com/product/516516/pokemon-mcdonalds-promos-2023-cetitan?page=1","data:image/gif;base64,R0lGODlhAQABAIAAAAAAAP///yH5BAEAAAAALAAAAAABAAEAAAIBRAA7"
"SV06: Twilight MasqueradeDouble Rare, #040/167Hearthflame Mask Ogerpon ex - 040/167599 listings from $0.52Market Price:$0.53","Twilight Masquerade","",null,"0.53","0.52","167599","https://www.tcgplayer.com/product/550084/pokemon-sv06-twilight-masquerade-hearthflame-mask-ogerpon-ex-040-167?page=1","data:image/gif;base64,R0lGODlhAQABAIAAAAAAAP///yH5BAEAAAAALAAAAAABAAEAAAIBRAA7"
"SV: Shrouded FableDouble Rare, #012/064Kingdra ex - 012/064459 listings from $0.50Market Price:$0.53","Shrouded Fable","",null,"0.53","0.5","64459","https://www.tcgplayer.com/product/560322/pokemon-sv-shrouded-fable-kingdra-ex-012-064?page=1","data:image/gif;base64,R0lGODlhAQABAIAAAAAAAP///yH5BAEAAAAALAAAAAABAAEAAAIBRAA7"
"SV07: Stellar CrownACE SPEC Rare, #142/142Sparkling Crystal966 listings from $0.35Market Price:$0.52","Stellar Crown","",null,"0.52","0.35","966","https://www.tcgplayer.com/product/567416/pokemon-sv07-stellar-crown-sparkling-crystal?page=1","data:image/gif;base64,R0lGODlhAQABAIAAAAAAAP///yH5BAEAAAAALAAAAAABAAEAAAIBRAA7"
"SV: Paldean FatesDouble Rare, #006/091Espathra ex - 006/091524 listings from $0.35Market Price:$0.49","SV: Paldean Fates","",null,"0.49","0.35","91524","https://www.tcgplayer.com/product/534140/pokemon-sv-paldean-fates-espathra-ex-006-091?page=1","data:image/gif;base64,R0lGODlhAQABAIAAAAAAAP///yH5BAEAAAAALAAAAAABAAEAAAIBRAA7"
"SV: Shrouded FableDouble Rare, #015/064Revavroom ex - 015/064473 listings from $0.45Market Price:$0.46","Shrouded Fable","",null,"0.46","0.45","64473","https://www.tcgplayer.com/product/560325/pokemon-sv-shrouded-fable-revavroom-ex-015-064?page=1","data:image/gif;base64,R0lGODlhAQABAIAAAAAAAP///yH5BAEAAAAALAAAAAABAAEAAAIBRAA7"
"SV07: Stellar CrownACE SPEC Rare, #136/142Grand Tree1023 listings from $0.42Market Price:$0.46","Stellar Crown","",null,"0.46","0.42","1023","https://www.tcgplayer.com/product/567397/pokemon-sv07-stellar-crown-grand-tree?page=1","data:image/gif;base64,R0lGODlhAQABAIAAAAAAAP///yH5BAEAAAAALAAAAAABAAEAAAIBRAA7"
"CelebrationsHolo Rare, #022/025Lugia646 listings from $0.20Market Price:$0.43","All Pokemon Products","",null,"0.43","0.2","646","https://www.tcgplayer.com/product/250317/pokemon-celebrations-lugia?page=1","data:image/gif;base64,R0lGODlhAQABAIAAAAAAAP///yH5BAEAAAAALAAAAAABAAEAAAIBRAA7"
"SV: Shrouded FableDouble Rare, #037/064Munkidori ex - 037/064536 listings from $0.48Market Price:$0.42","Shrouded Fable","",null,"0.42","0.48","64536","https://www.tcgplayer.com/product/560347/pokemon-sv-shrouded-fable-munkidori-ex-037-064?page=1","data:image/gif;base64,R0lGODlhAQABAIAAAAAAAP///yH5BAEAAAAALAAAAAABAAEAAAIBRAA7"
"SV04: Paradox RiftUncommon, #178/182Technical Machine: Evolution679 listings from $0.40Market Price:$0.42","Paradox Rift","",null,"0.42","0.4","679","https://www.tcgplayer.com/product/523859/pokemon-sv04-paradox-rift-technical-machine-evolution?page=1","https://tcgplayer-cdn.tcgplayer.com/product/523859_in_200x200.jpg"
"McDonald's Promos 2023Promo, #013/015Tandemaus95 listings from $0.20Market Price:$0.39","McDonald's Promos 2023","",null,"0.39","0.2","95","https://www.tcgplayer.com/product/516524/pokemon-mcdonalds-promos-2023-tandemaus?page=1","data:image/gif;base64,R0lGODlhAQABAIAAAAAAAP///yH5BAEAAAAALAAAAAABAAEAAAIBRAA7"
"SV03: Obsidian FlamesCommon, #080/197Cleffa679 listings from $0.32Market Price:$0.36","Obsidian Flames","",null,"0.36","0.32","679","https://www.tcgplayer.com/product/509809/pokemon-sv03-obsidian-flames-cleffa?page=1","data:image/gif;base64,R0lGODlhAQABAIAAAAAAAP///yH5BAEAAAAALAAAAAABAAEAAAIBRAA7"
"SV: Paldean FatesUncommon, #080/091Iono - 080/091951 listings from $0.25Market Price:$0.33","SV: Paldean Fates","",null,"0.33","0.25","91951","https://www.tcgplayer.com/product/534442/pokemon-sv-paldean-fates-iono-080-091?page=1","https://tcgplayer-cdn.tcgplayer.com/product/534442_in_200x200.jpg"
"SV07: Stellar CrownACE SPEC Rare, #134/142Deluxe Bomb1181 listings from $0.15Market Price:$0.33","Stellar Crown","",null,"0.33","0.15","1181","https://www.tcgplayer.com/product/567392/pokemon-sv07-stellar-crown-deluxe-bomb?page=1","data:image/gif;base64,R0lGODlhAQABAIAAAAAAAP///yH5BAEAAAAALAAAAAABAAEAAAIBRAA7"
"McDonald's Promos 2023Promo, #012/015Blissey156 listings from $0.20Market Price:$0.32","McDonald's Promos 2023","",null,"0.32","0.2","156","https://www.tcgplayer.com/product/516523/pokemon-mcdonalds-promos-2023-blissey?page=1","https://tcgplayer-cdn.tcgplayer.com/product/516523_in_200x200.jpg"
"SV: Paldean FatesUncommon, #084/091Nest Ball1025 listings from $0.25Market Price:$0.30","SV: Paldean Fates","",null,"0.3","0.25","1025","https://www.tcgplayer.com/product/534446/pokemon-sv-paldean-fates-nest-ball?page=1","https://tcgplayer-cdn.tcgplayer.com/product/534446_in_200x200.jpg"
"McDonald's Promos 2023Promo, #009/015Flittle128 listings from $0.12Market Price:$0.28","McDonald's Promos 2023","",null,"0.28","0.12","128","https://www.tcgplayer.com/product/516520/pokemon-mcdonalds-promos-2023-flittle?page=1","data:image/gif;base64,R0lGODlhAQABAIAAAAAAAP///yH5BAEAAAAALAAAAAABAAEAAAIBRAA7"
"McDonald's Promos 2023Promo, #010/015Sandaconda176 listings from $0.10Market Price:$0.28","McDonald's Promos 2023","",null,"0.28","0.1","176","https://www.tcgplayer.com/product/516521/pokemon-mcdonalds-promos-2023-sandaconda?page=1","data:image/gif;base64,R0lGODlhAQABAIAAAAAAAP///yH5BAEAAAAALAAAAAABAAEAAAIBRAA7"
"SV06: Twilight MasqueradeRare, #053/167Froslass - 053/167818 listings from $0.19Market Price:$0.27","Twilight Masquerade","",null,"0.27","0.19","167818","https://www.tcgplayer.com/product/550097/pokemon-sv06-twilight-masquerade-froslass-053-167?page=1","data:image/gif;base64,R0lGODlhAQABAIAAAAAAAP///yH5BAEAAAAALAAAAAABAAEAAAIBRAA7"
"SV07: Stellar CrownCommon, #114/142Hoothoot728 listings from $0.15Market Price:$0.27","Stellar Crown","",null,"0.27","0.15","728","https://www.tcgplayer.com/product/567340/pokemon-sv07-stellar-crown-hoothoot?page=1","https://tcgplayer-cdn.tcgplayer.com/product/567340_in_200x200.jpg"
"McDonald's Promos 2023Promo, #007/015Pawmi159 listings from $0.10Market Price:$0.25","McDonald's Promos 2023","",null,"0.25","0.1","159","https://www.tcgplayer.com/product/516518/pokemon-mcdonalds-promos-2023-pawmi?page=1","data:image/gif;base64,R0lGODlhAQABAIAAAAAAAP///yH5BAEAAAAALAAAAAABAAEAAAIBRAA7"
"SV06: Twilight MasqueradeUncommon, #153/167Jamming Tower966 listings from $0.20Market Price:$0.24","Twilight Masquerade","",null,"0.24","0.2","966","https://www.tcgplayer.com/product/550197/pokemon-sv06-twilight-masquerade-jamming-tower?page=1","data:image/gif;base64,R0lGODlhAQABAIAAAAAAAP///yH5BAEAAAAALAAAAAABAAEAAAIBRAA7"
"SV07: Stellar CrownRare, #111/142Raging Bolt1492 listings from $0.12Market Price:$0.24","Stellar Crown","",null,"0.24","0.12","1492","https://www.tcgplayer.com/product/567337/pokemon-sv07-stellar-crown-raging-bolt?page=1","data:image/gif;base64,R0lGODlhAQABAIAAAAAAAP///yH5BAEAAAAALAAAAAABAAEAAAIBRAA7"
"McDonald's Promos 2023Promo, #004/015Cetoddle170 listings from $0.10Market Price:$0.24","McDonald's Promos 2023","",null,"0.24","0.1","170","https://www.tcgplayer.com/product/516515/pokemon-mcdonalds-promos-2023-cetoddle?page=1","data:image/gif;base64,R0lGODlhAQABAIAAAAAAAP///yH5BAEAAAAALAAAAAABAAEAAAIBRAA7"
"McDonald's Promos 2023Promo, #014/015Cyclizar154 listings from $0.19Market Price:$0.23","McDonald's Promos 2023","",null,"0.23","0.19","154","https://www.tcgplayer.com/product/516525/pokemon-mcdonalds-promos-2023-cyclizar?page=1","data:image/gif;base64,R0lGODlhAQABAIAAAAAAAP///yH5BAEAAAAALAAAAAABAAEAAAIBRAA7"
"SV07: Stellar CrownRare, #115/142Noctowl1255 listings from $0.10Market Price:$0.23","Stellar Crown","",null,"0.23","0.1","1255","https://www.tcgplayer.com/product/567341/pokemon-sv07-stellar-crown-noctowl?page=1","data:image/gif;base64,R0lGODlhAQABAIAAAAAAAP///yH5BAEAAAAALAAAAAABAAEAAAIBRAA7"
"SV: Paldean FatesUncommon, #057/091Gengar1088 listings from $0.05Market Price:$0.23","SV: Paldean Fates","",null,"0.23","0.05","1088","https://www.tcgplayer.com/product/534419/pokemon-sv-paldean-fates-gengar?page=1","data:image/gif;base64,R0lGODlhAQABAIAAAAAAAP///yH5BAEAAAAALAAAAAABAAEAAAIBRAA7"
"SV01: Scarlet & Violet Base SetUncommon, #181/198Nest Ball - 181/1981126 listings from $0.18Market Price:$0.22","All Pokemon Products","",null,"0.22","0.18","1981126","https://www.tcgplayer.com/product/488087/pokemon-sv01-scarlet-and-violet-base-set-nest-ball-181-198?page=1","data:image/gif;base64,R0lGODlhAQABAIAAAAAAAP///yH5BAEAAAAALAAAAAABAAEAAAIBRAA7"
"SV05: Temporal ForcesUncommon, #144/162Buddy-Buddy Poffin1675 listings from $0.18Market Price:$0.21","Temporal Forces","",null,"0.21","0.18","1675","https://www.tcgplayer.com/product/542659/pokemon-sv05-temporal-forces-buddy-buddy-poffin?page=1","https://tcgplayer-cdn.tcgplayer.com/product/542659_in_200x200.jpg"
"SV07: Stellar CrownUncommon, #133/142Crispin - 133/1421236 listings from $0.14Market Price:$0.21","Stellar Crown","",null,"0.21","0.14","1421236","https://www.tcgplayer.com/product/567390/pokemon-sv07-stellar-crown-crispin-133-142?page=1","https://tcgplayer-cdn.tcgplayer.com/product/567390_in_200x200.jpg"
"SV05: Temporal ForcesRare, #129/162Dudunsparce1001 listings from $0.16Market Price:$0.20","Temporal Forces","",null,"0.2","0.16","1001","https://www.tcgplayer.com/product/542873/pokemon-sv05-temporal-forces-dudunsparce?page=1","data:image/gif;base64,R0lGODlhAQABAIAAAAAAAP///yH5BAEAAAAALAAAAAABAAEAAAIBRAA7"
"McDonald's Promos 2023Promo, #008/015Kilowattrel180 listings from $0.11Market Price:$0.20","McDonald's Promos 2023","",null,"0.2","0.11","180","https://www.tcgplayer.com/product/516519/pokemon-mcdonalds-promos-2023-kilowattrel?page=1","data:image/gif;base64,R0lGODlhAQABAIAAAAAAAP///yH5BAEAAAAALAAAAAABAAEAAAIBRAA7"
"SV04: Paradox RiftUncommon, #177/182Technical Machine: Devolution1106 listings from $0.15Market Price:$0.19","Paradox Rift","",null,"0.19","0.15","1106","https://www.tcgplayer.com/product/523858/pokemon-sv04-paradox-rift-technical-machine-devolution?page=1","https://tcgplayer-cdn.tcgplayer.com/product/523858_in_200x200.jpg"
"SV05: Temporal ForcesRare, #041/162Feraligatr1201 listings from $0.14Market Price:$0.19","Temporal Forces","",null,"0.19","0.14","1201","https://www.tcgplayer.com/product/542785/pokemon-sv05-temporal-forces-feraligatr?page=1","data:image/gif;base64,R0lGODlhAQABAIAAAAAAAP///yH5BAEAAAAALAAAAAABAAEAAAIBRAA7"
"SV06: Twilight MasqueradeRare, #082/167Alakazam1412 listings from $0.14Market Price:$0.19","Twilight Masquerade","",null,"0.19","0.14","1412","https://www.tcgplayer.com/product/550126/pokemon-sv06-twilight-masquerade-alakazam?page=1","data:image/gif;base64,R0lGODlhAQABAIAAAAAAAP///yH5BAEAAAAALAAAAAABAAEAAAIBRAA7"
"SV06: Twilight MasqueradeCommon, #129/167Drakloak1053 listings from $0.17Market Price:$0.18","Twilight Masquerade","",null,"0.18","0.17","1053","https://www.tcgplayer.com/product/550173/pokemon-sv06-twilight-masquerade-drakloak?page=1","data:image/gif;base64,R0lGODlhAQABAIAAAAAAAP///yH5BAEAAAAALAAAAAABAAEAAAIBRAA7"
"SV04: Paradox RiftRare, #029/182Chi-Yu1115 listings from $0.15Market Price:$0.18","Paradox Rift","",null,"0.18","0.15","1115","https://www.tcgplayer.com/product/523638/pokemon-sv04-paradox-rift-chi-yu?page=1","data:image/gif;base64,R0lGODlhAQABAIAAAAAAAP///yH5BAEAAAAALAAAAAABAAEAAAIBRAA7"
"SV05: Temporal ForcesUncommon, #161/162Mist Energy1121 listings from $0.15Market Price:$0.18","Temporal Forces","",null,"0.18","0.15","1121","https://www.tcgplayer.com/product/542681/pokemon-sv05-temporal-forces-mist-energy?page=1","https://tcgplayer-cdn.tcgplayer.com/product/542681_in_200x200.jpg"
"SV: Paldean FatesCommon, #089/091Rare Candy1605 listings from $0.12Market Price:$0.18","SV: Paldean Fates","",null,"0.18","0.12","1605","https://www.tcgplayer.com/product/534451/pokemon-sv-paldean-fates-rare-candy?page=1","data:image/gif;base64,R0lGODlhAQABAIAAAAAAAP///yH5BAEAAAAALAAAAAABAAEAAAIBRAA7"
"SV: Prismatic EvolutionsUncommon, #106/131Earthen Vessel2059 listings from $0.10Market Price:$0.18","All Pokemon Products","",null,"0.18","0.1","2059","https://www.tcgplayer.com/product/610461/pokemon-sv-prismatic-evolutions-earthen-vessel?page=1","data:image/gif;base64,R0lGODlhAQABAIAAAAAAAP///yH5BAEAAAAALAAAAAABAAEAAAIBRAA7"
"SV04: Paradox RiftUncommon, #163/182Earthen Vessel1626 listings from $0.15Market Price:$0.17","Paradox Rift","",null,"0.17","0.15","1626","https://www.tcgplayer.com/product/523844/pokemon-sv04-paradox-rift-earthen-vessel?page=1","https://tcgplayer-cdn.tcgplayer.com/product/523844_in_200x200.jpg"
"SV05: Temporal ForcesUncommon, #156/162Perilous Jungle915 listings from $0.14Market Price:$0.17","Temporal Forces","",null,"0.17","0.14","915","https://www.tcgplayer.com/product/542673/pokemon-sv05-temporal-forces-perilous-jungle?page=1","data:image/gif;base64,R0lGODlhAQABAIAAAAAAAP///yH5BAEAAAAALAAAAAABAAEAAAIBRAA7"
"SV: Prismatic EvolutionsUncommon, #101/131Buddy-Buddy Poffin1905 listings from $0.15Market Price:$0.16","All Pokemon Products","",null,"0.16","0.15","1905","https://www.tcgplayer.com/product/610456/pokemon-sv-prismatic-evolutions-buddy-buddy-poffin?page=1","data:image/gif;base64,R0lGODlhAQABAIAAAAAAAP///yH5BAEAAAAALAAAAAABAAEAAAIBRAA7"
"SV03: Obsidian FlamesCommon, #196/197Town Store1319 listings from $0.14Market Price:$0.16","Obsidian Flames","",null,"0.16","0.14","1319","https://www.tcgplayer.com/product/509788/pokemon-sv03-obsidian-flames-town-store?page=1","data:image/gif;base64,R0lGODlhAQABAIAAAAAAAP///yH5BAEAAAAALAAAAAABAAEAAAIBRAA7"
"SV07: Stellar CrownCommon, #050/142Joltik - 050/142856 listings from $0.14Market Price:$0.16","Stellar Crown","",null,"0.16","0.14","142856","https://www.tcgplayer.com/product/567276/pokemon-sv07-stellar-crown-joltik-050-142?page=1","data:image/gif;base64,R0lGODlhAQABAIAAAAAAAP///yH5BAEAAAAALAAAAAABAAEAAAIBRAA7"
"SV: Paldean FatesUncommon, #091/091Ultra Ball1145 listings from $0.13Market Price:$0.16","SV: Paldean Fates","",null,"0.16","0.13","1145","https://www.tcgplayer.com/product/534453/pokemon-sv-paldean-fates-ultra-ball?page=1","data:image/gif;base64,R0lGODlhAQABAIAAAAAAAP///yH5BAEAAAAALAAAAAABAAEAAAIBRAA7"
"SV05: Temporal ForcesCommon, #051/162Pikachu1196 listings from $0.10Market Price:$0.16","Temporal Forces","",null,"0.16","0.1","1196","https://www.tcgplayer.com/product/542795/pokemon-sv05-temporal-forces-pikachu?page=1","data:image/gif;base64,R0lGODlhAQABAIAAAAAAAP///yH5BAEAAAAALAAAAAABAAEAAAIBRAA7"
"SV: Shrouded FableCommon, #050/064Eevee1303 listings from $0.07Market Price:$0.16","Shrouded Fable","",null,"0.16","0.07","1303","https://www.tcgplayer.com/product/560361/pokemon-sv-shrouded-fable-eevee?page=1","data:image/gif;base64,R0lGODlhAQABAIAAAAAAAP///yH5BAEAAAAALAAAAAABAAEAAAIBRAA7"
"SV07: Stellar CrownUncommon, #059/142Mewtwo1201 listings from $0.01Market Price:$0.16","Stellar Crown","",null,"0.16","0.01","1201","https://www.tcgplayer.com/product/567285/pokemon-sv07-stellar-crown-mewtwo?page=1","data:image/gif;base64,R0lGODlhAQABAIAAAAAAAP///yH5BAEAAAAALAAAAAABAAEAAAIBRAA7"
"SV03: Obsidian FlamesUncommon, #086/197Espeon1110 listings from $0.10Market Price:$0.15","Obsidian Flames","",null,"0.15","0.1","1110","https://www.tcgplayer.com/product/509848/pokemon-sv03-obsidian-flames-espeon?page=1","data:image/gif;base64,R0lGODlhAQABAIAAAAAAAP///yH5BAEAAAAALAAAAAABAAEAAAIBRAA7"
"SV06: Twilight MasqueradeRare, #100/167Hisuian Arcanine1545 listings from $0.09Market Price:$0.15","Twilight Masquerade","",null,"0.15","0.09","1545","https://www.tcgplayer.com/product/550144/pokemon-sv06-twilight-masquerade-hisuian-arcanine?page=1","data:image/gif;base64,R0lGODlhAQABAIAAAAAAAP///yH5BAEAAAAALAAAAAABAAEAAAIBRAA7"
"SV: Paldean FatesCommon, #027/091Ralts - 027/0911291 listings from $0.09Market Price:$0.15","SV: Paldean Fates","",null,"0.15","0.09","911291","https://www.tcgplayer.com/product/534173/pokemon-sv-paldean-fates-ralts-027-091?page=1","data:image/gif;base64,R0lGODlhAQABAIAAAAAAAP///yH5BAEAAAAALAAAAAABAAEAAAIBRAA7"
"SV06: Twilight MasqueradeRare, #065/167Zapdos1401 listings from $0.05Market Price:$0.15","Twilight Masquerade","",null,"0.15","0.05","1401","https://www.tcgplayer.com/product/550109/pokemon-sv06-twilight-masquerade-zapdos?page=1","data:image/gif;base64,R0lGODlhAQABAIAAAAAAAP///yH5BAEAAAAALAAAAAABAAEAAAIBRAA7"
"SV03: Obsidian FlamesRare, #030/197Entei1908 listings from $0.08Market Price:$0.14","Obsidian Flames","",null,"0.14","0.08","1908","https://www.tcgplayer.com/product/509725/pokemon-sv03-obsidian-flames-entei?page=1","https://tcgplayer-cdn.tcgplayer.com/product/509725_in_200x200.jpg"
"SV05: Temporal ForcesRare, #078/162Flutter Mane1529 listings from $0.08Market Price:$0.14","Temporal Forces","",null,"0.14","0.08","1529","https://www.tcgplayer.com/product/542822/pokemon-sv05-temporal-forces-flutter-mane?page=1","data:image/gif;base64,R0lGODlhAQABAIAAAAAAAP///yH5BAEAAAAALAAAAAABAAEAAAIBRAA7"
"SV06: Twilight MasqueradeCommon, #135/167Eevee - 135/1671454 listings from $0.07Market Price:$0.14","Twilight Masquerade","",null,"0.14","0.07","1671454","https://www.tcgplayer.com/product/550179/pokemon-sv06-twilight-masquerade-eevee-135-167?page=1","data:image/gif;base64,R0lGODlhAQABAIAAAAAAAP///yH5BAEAAAAALAAAAAABAAEAAAIBRAA7"
"SV04: Paradox RiftUncommon, #166/182Luxurious Cape1110 listings from $0.12Market Price:$0.13","Paradox Rift","",null,"0.13","0.12","1110","https://www.tcgplayer.com/product/523847/pokemon-sv04-paradox-rift-luxurious-cape?page=1","data:image/gif;base64,R0lGODlhAQABAIAAAAAAAP///yH5BAEAAAAALAAAAAABAAEAAAIBRAA7"
"SV06: Twilight MasqueradeCommon, #051/167Snorunt1075 listings from $0.12Market Price:$0.13","Twilight Masquerade","",null,"0.13","0.12","1075","https://www.tcgplayer.com/product/550095/pokemon-sv06-twilight-masquerade-snorunt?page=1","data:image/gif;base64,R0lGODlhAQABAIAAAAAAAP///yH5BAEAAAAALAAAAAABAAEAAAIBRAA7"
"SV04: Paradox RiftUncommon, #179/182Technical Machine: Turbo Energize1397 listings from $0.11Market Price:$0.13","Paradox Rift","",null,"0.13","0.11","1397","https://www.tcgplayer.com/product/523860/pokemon-sv04-paradox-rift-technical-machine-turbo-energize?page=1","data:image/gif;base64,R0lGODlhAQABAIAAAAAAAP///yH5BAEAAAAALAAAAAABAAEAAAIBRAA7"
"SV: Shrouded FableUncommon, #022/064Sylveon1163 listings from $0.11Market Price:$0.13","Shrouded Fable","",null,"0.13","0.11","1163","https://www.tcgplayer.com/product/560332/pokemon-sv-shrouded-fable-sylveon?page=1","data:image/gif;base64,R0lGODlhAQABAIAAAAAAAP///yH5BAEAAAAALAAAAAABAAEAAAIBRAA7"
"SV03: Obsidian FlamesRare, #141/197Scizor1768 listings from $0.10Market Price:$0.13","Obsidian Flames","",null,"0.13","0.1","1768","https://www.tcgplayer.com/product/509919/pokemon-sv03-obsidian-flames-scizor?page=1","data:image/gif;base64,R0lGODlhAQABAIAAAAAAAP///yH5BAEAAAAALAAAAAABAAEAAAIBRAA7"
"SV07: Stellar CrownCommon, #057/142Slowpoke870 listings from $0.10Market Price:$0.13","Stellar Crown","",null,"0.13","0.1","870","https://www.tcgplayer.com/product/567283/pokemon-sv07-stellar-crown-slowpoke?page=1","data:image/gif;base64,R0lGODlhAQABAIAAAAAAAP///yH5BAEAAAAALAAAAAABAAEAAAIBRAA7"
"SV: Paldean FatesUncommon, #076/091Artazon1333 listings from $0.10Market Price:$0.13","SV: Paldean Fates","",null,"0.13","0.1","1333","https://www.tcgplayer.com/product/534438/pokemon-sv-paldean-fates-artazon?page=1","data:image/gif;base64,R0lGODlhAQABAIAAAAAAAP///yH5BAEAAAAALAAAAAABAAEAAAIBRAA7"
"SV07: Stellar CrownCommon, #113/142Eevee1201 listings from $0.09Market Price:$0.13","Stellar Crown","",null,"0.13","0.09","1201","https://www.tcgplayer.com/product/567339/pokemon-sv07-stellar-crown-eevee?page=1","data:image/gif;base64,R0lGODlhAQABAIAAAAAAAP///yH5BAEAAAAALAAAAAABAAEAAAIBRAA7"
"SV: Shrouded FableUncommon, #057/064Colress's Tenacity - 057/0641448 listings from $0.09Market Price:$0.13","Shrouded Fable","",null,"0.13","0.09","641448","https://www.tcgplayer.com/product/560368/pokemon-sv-shrouded-fable-colresss-tenacity-057-064?page=1","data:image/gif;base64,R0lGODlhAQABAIAAAAAAAP///yH5BAEAAAAALAAAAAABAAEAAAIBRAA7"
"SV: Paldean FatesUncommon, #028/091Kirlia - 028/0911103 listings from $0.07Market Price:$0.13","SV: Paldean Fates","",null,"0.13","0.07","911103","https://www.tcgplayer.com/product/534174/pokemon-sv-paldean-fates-kirlia-028-091?page=1","data:image/gif;base64,R0lGODlhAQABAIAAAAAAAP///yH5BAEAAAAALAAAAAABAAEAAAIBRAA7"
"SV05: Temporal ForcesCommon, #039/162Totodile1043 listings from $0.06Market Price:$0.13","Temporal Forces","",null,"0.13","0.06","1043","https://www.tcgplayer.com/product/542783/pokemon-sv05-temporal-forces-totodile?page=1","data:image/gif;base64,R0lGODlhAQABAIAAAAAAAP///yH5BAEAAAAALAAAAAABAAEAAAIBRAA7"
"SV06: Twilight MasqueradeUncommon, #155/167Lana's Aid - 155/1671124 listings from $0.03Market Price:$0.13","Twilight Masquerade","",null,"0.13","0.03","1671124","https://www.tcgplayer.com/product/550199/pokemon-sv06-twilight-masquerade-lanas-aid-155-167?page=1","data:image/gif;base64,R0lGODlhAQABAIAAAAAAAP///yH5BAEAAAAALAAAAAABAAEAAAIBRAA7"
"SV: Shrouded FableRare, #020/064Dusknoir - 020/0641718 listings from $0.08Market Price:$0.12","Shrouded Fable","",null,"0.12","0.08","641718","https://www.tcgplayer.com/product/560330/pokemon-sv-shrouded-fable-dusknoir-020-064?page=1","data:image/gif;base64,R0lGODlhAQABAIAAAAAAAP///yH5BAEAAAAALAAAAAABAAEAAAIBRAA7"
"SV: Shrouded FableUncommon, #063/064Powerglass - 063/0641704 listings from $0.05Market Price:$0.12","Shrouded Fable","",null,"0.12","0.05","641704","https://www.tcgplayer.com/product/560374/pokemon-sv-shrouded-fable-powerglass-063-064?page=1","data:image/gif;base64,R0lGODlhAQABAIAAAAAAAP///yH5BAEAAAAALAAAAAABAAEAAAIBRAA7"
"SV07: Stellar CrownUncommon, #098/142Jirachi1400 listings from $0.01Market Price:$0.12","Stellar Crown","",null,"0.12","0.01","1400","https://www.tcgplayer.com/product/567324/pokemon-sv07-stellar-crown-jirachi?page=1","data:image/gif;base64,R0lGODlhAQABAIAAAAAAAP///yH5BAEAAAAALAAAAAABAAEAAAIBRAA7"
"SV04: Paradox RiftUncommon, #056/182Iron Bundle1217 listings from $0.10Market Price:$0.11","Paradox Rift","",null,"0.11","0.1","1217","https://www.tcgplayer.com/product/523666/pokemon-sv04-paradox-rift-iron-bundle?page=1","data:image/gif;base64,R0lGODlhAQABAIAAAAAAAP///yH5BAEAAAAALAAAAAABAAEAAAIBRAA7"
"SV06: Twilight MasqueradeCommon, #128/167Dreepy1496 listings from $0.10Market Price:$0.11","Twilight Masquerade","",null,"0.11","0.1","1496","https://www.tcgplayer.com/product/550172/pokemon-sv06-twilight-masquerade-dreepy?page=1","data:image/gif;base64,R0lGODlhAQABAIAAAAAAAP///yH5BAEAAAAALAAAAAABAAEAAAIBRAA7"
"SV03: Obsidian FlamesCommon, #026/197Charmander1616 listings from $0.08Market Price:$0.11","Obsidian Flames","",null,"0.11","0.08","1616","https://www.tcgplayer.com/product/509703/pokemon-sv03-obsidian-flames-charmander?page=1","data:image/gif;base64,R0lGODlhAQABAIAAAAAAAP///yH5BAEAAAAALAAAAAABAAEAAAIBRAA7"
"SV04: Paradox RiftCommon, #153/182Tandemaus - 153/1821214 listings from $0.05Market Price:$0.11","Paradox Rift","",null,"0.11","0.05","1821214","https://www.tcgplayer.com/product/523834/pokemon-sv04-paradox-rift-tandemaus-153-182?page=1","data:image/gif;base64,R0lGODlhAQABAIAAAAAAAP///yH5BAEAAAAALAAAAAABAAEAAAIBRAA7"
"SV: Paldean FatesUncommon, #008/091Charmeleon - 008/0911346 listings from $0.05Market Price:$0.11","SV: Paldean Fates","",null,"0.11","0.05","911346","https://www.tcgplayer.com/product/534143/pokemon-sv-paldean-fates-charmeleon-008-091?page=1","data:image/gif;base64,R0lGODlhAQABAIAAAAAAAP///yH5BAEAAAAALAAAAAABAAEAAAIBRAA7"
"SV: Shrouded FableCommon, #018/064Duskull - 018/0641725 listings from $0.05Market Price:$0.11","Shrouded Fable","",null,"0.11","0.05","641725","https://www.tcgplayer.com/product/560328/pokemon-sv-shrouded-fable-duskull-018-064?page=1","data:image/gif;base64,R0lGODlhAQABAIAAAAAAAP///yH5BAEAAAAALAAAAAABAAEAAAIBRAA7"
"SV04: Paradox RiftUncommon, #113/182Absol1338 listings from $0.04Market Price:$0.11","Paradox Rift","",null,"0.11","0.04","1338","https://www.tcgplayer.com/product/523787/pokemon-sv04-paradox-rift-absol?page=1","data:image/gif;base64,R0lGODlhAQABAIAAAAAAAP///yH5BAEAAAAALAAAAAABAAEAAAIBRAA7"
"SV05: Temporal ForcesUncommon, #140/162Ancient Booster Energy Capsule1653 listings from $0.01Market Price:$0.11","Temporal Forces","",null,"0.11","0.01","1653","https://www.tcgplayer.com/product/542651/pokemon-sv05-temporal-forces-ancient-booster-energy-capsule?page=1","data:image/gif;base64,R0lGODlhAQABAIAAAAAAAP///yH5BAEAAAAALAAAAAABAAEAAAIBRAA7"
"SV04: Paradox RiftCommon, #087/182Gimmighoul - 087/1821267 listings from $0.08Market Price:$0.10","Paradox Rift","",null,"0.1","0.08","1821267","https://www.tcgplayer.com/product/523753/pokemon-sv04-paradox-rift-gimmighoul-087-182?page=1","data:image/gif;base64,R0lGODlhAQABAIAAAAAAAP///yH5BAEAAAAALAAAAAABAAEAAAIBRAA7"
"SV04: Paradox RiftRare, #040/182Palkia1474 listings from $0.08Market Price:$0.10","Paradox Rift","",null,"0.1","0.08","1474","https://www.tcgplayer.com/product/523649/pokemon-sv04-paradox-rift-palkia?page=1","data:image/gif;base64,R0lGODlhAQABAIAAAAAAAP///yH5BAEAAAAALAAAAAABAAEAAAIBRAA7"
"SV04: Paradox RiftUncommon, #017/182Toedscruel - 017/1821074 listings from $0.08Market Price:$0.10","Paradox Rift","",null,"0.1","0.08","1821074","https://www.tcgplayer.com/product/523617/pokemon-sv04-paradox-rift-toedscruel-017-182?page=1","data:image/gif;base64,R0lGODlhAQABAIAAAAAAAP///yH5BAEAAAAALAAAAAABAAEAAAIBRAA7"
"SV03: Obsidian FlamesCommon, #083/197Togepi1531 listings from $0.07Market Price:$0.10","Obsidian Flames","",null,"0.1","0.07","1531","https://www.tcgplayer.com/product/509825/pokemon-sv03-obsidian-flames-togepi?page=1","data:image/gif;base64,R0lGODlhAQABAIAAAAAAAP///yH5BAEAAAAALAAAAAABAAEAAAIBRAA7"
"SV03: Obsidian FlamesCommon, #162/197Pidgey1229 listings from $0.07Market Price:$0.10","Obsidian Flames","",null,"0.1","0.07","1229","https://www.tcgplayer.com/product/509666/pokemon-sv03-obsidian-flames-pidgey?page=1","data:image/gif;base64,R0lGODlhAQABAIAAAAAAAP///yH5BAEAAAAALAAAAAABAAEAAAIBRAA7"
"SV04: Paradox RiftCommon, #154/182Tandemaus - 154/1821267 listings from $0.03Market Price:$0.10","Paradox Rift","",null,"0.1","0.03","1821267","https://www.tcgplayer.com/product/523835/pokemon-sv04-paradox-rift-tandemaus-154-182?page=1","data:image/gif;base64,R0lGODlhAQABAIAAAAAAAP///yH5BAEAAAAALAAAAAABAAEAAAIBRAA7"
"SV07: Stellar CrownUncommon, #131/142Area Zero Underdepths - 131/1421862 listings from $0.03Market Price:$0.10","Stellar Crown","",null,"0.1","0.03","1421862","https://www.tcgplayer.com/product/567384/pokemon-sv07-stellar-crown-area-zero-underdepths-131-142?page=1","data:image/gif;base64,R0lGODlhAQABAIAAAAAAAP///yH5BAEAAAAALAAAAAABAAEAAAIBRAA7"
"SV04: Paradox RiftUncommon, #170/182Professor Sada's Vitality1779 listings from $0.01Market Price:$0.10","Paradox Rift","",null,"0.1","0.01","1779","https://www.tcgplayer.com/product/523851/pokemon-sv04-paradox-rift-professor-sadas-vitality?page=1","data:image/gif;base64,R0lGODlhAQABAIAAAAAAAP///yH5BAEAAAAALAAAAAABAAEAAAIBRAA7"
"SV: Shrouded FableUncommon, #009/064Iron Moth1399 listings from $0.01Market Price:$0.10","Shrouded Fable","",null,"0.1","0.01","1399","https://www.tcgplayer.com/product/560319/pokemon-sv-shrouded-fable-iron-moth?page=1","data:image/gif;base64,R0lGODlhAQABAIAAAAAAAP///yH5BAEAAAAALAAAAAABAAEAAAIBRAA7"
"SV04: Paradox RiftUncommon, #175/182Snorlax Doll1545 listings from $0.05Market Price:$0.09","Paradox Rift","",null,"0.09","0.05","1545","https://www.tcgplayer.com/product/523856/pokemon-sv04-paradox-rift-snorlax-doll?page=1","data:image/gif;base64,R0lGODlhAQABAIAAAAAAAP///yH5BAEAAAAALAAAAAABAAEAAAIBRAA7"
"SV05: Temporal ForcesUncommon, #145/162Ciphermaniac's Codebreaking - 145/1621660 listings from $0.05Market Price:$0.09","Temporal Forces","",null,"0.09","0.05","1621660","https://www.tcgplayer.com/product/542660/pokemon-sv05-temporal-forces-ciphermaniacs-codebreaking-145-162?page=1","data:image/gif;base64,R0lGODlhAQABAIAAAAAAAP///yH5BAEAAAAALAAAAAABAAEAAAIBRAA7"
"SV: Shrouded FableUncommon, #002/064Galvantula1397 listings from $0.05Market Price:$0.09","Shrouded Fable","",null,"0.09","0.05","1397","https://www.tcgplayer.com/product/560312/pokemon-sv-shrouded-fable-galvantula?page=1","data:image/gif;base64,R0lGODlhAQABAIAAAAAAAP///yH5BAEAAAAALAAAAAABAAEAAAIBRAA7"
"SV04: Paradox RiftCommon, #088/182Gimmighoul - 088/1821364 listings from $0.01Market Price:$0.09","Paradox Rift","",null,"0.09","0.01","1821364","https://www.tcgplayer.com/product/523754/pokemon-sv04-paradox-rift-gimmighoul-088-182?page=1","data:image/gif;base64,R0lGODlhAQABAIAAAAAAAP///yH5BAEAAAAALAAAAAABAAEAAAIBRAA7"
"SV: Shrouded FableCommon, #019/064Dusclops - 019/0641599 listings from $0.01Market Price:$0.09","Shrouded Fable","",null,"0.09","0.01","641599","https://www.tcgplayer.com/product/560329/pokemon-sv-shrouded-fable-dusclops-019-064?page=1","data:image/gif;base64,R0lGODlhAQABAIAAAAAAAP///yH5BAEAAAAALAAAAAABAAEAAAIBRAA7"
"SV04: Paradox RiftCommon, #016/182Toedscool - 016/1821275 listings from $0.07Market Price:$0.08","Paradox Rift","",null,"0.08","0.07","1821275","https://www.tcgplayer.com/product/523616/pokemon-sv04-paradox-rift-toedscool-016-182?page=1","data:image/gif;base64,R0lGODlhAQABAIAAAAAAAP///yH5BAEAAAAALAAAAAABAAEAAAIBRAA7"
"SV: Shrouded FableUncommon, #040/064Genesect1346 listings from $0.05Market Price:$0.08","Shrouded Fable","",null,"0.08","0.05","1346","https://www.tcgplayer.com/product/560350/pokemon-sv-shrouded-fable-genesect?page=1","data:image/gif;base64,R0lGODlhAQABAIAAAAAAAP///yH5BAEAAAAALAAAAAABAAEAAAIBRAA7"
"SV: Shrouded FableUncommon, #064/064Xerosic's Machinations - 064/0641834 listings from $0.04Market Price:$0.08","Shrouded Fable","",null,"0.08","0.04","641834","https://www.tcgplayer.com/product/560375/pokemon-sv-shrouded-fable-xerosics-machinations-064-064?page=1","data:image/gif;base64,R0lGODlhAQABAIAAAAAAAP///yH5BAEAAAAALAAAAAABAAEAAAIBRAA7"
"SV: Paldean FatesCommon, #018/091Pikachu - 018/0911614 listings from $0.03Market Price:$0.08","SV: Paldean Fates","",null,"0.08","0.03","911614","https://www.tcgplayer.com/product/534163/pokemon-sv-paldean-fates-pikachu-018-091?page=1","data:image/gif;base64,R0lGODlhAQABAIAAAAAAAP///yH5BAEAAAAALAAAAAABAAEAAAIBRAA7"
"SV: Paldean FatesCommon, #007/091Charmander - 007/0911558 listings from $0.02Market Price:$0.08","SV: Paldean Fates","",null,"0.08","0.02","911558","https://www.tcgplayer.com/product/534142/pokemon-sv-paldean-fates-charmander-007-091?page=1","data:image/gif;base64,R0lGODlhAQABAIAAAAAAAP///yH5BAEAAAAALAAAAAABAAEAAAIBRAA7"
"SV: Paldean FatesCommon, #073/091Tandemaus - 073/0911480 listings from $0.05Market Price:$0.07","SV: Paldean Fates","",null,"0.07","0.05","911480","https://www.tcgplayer.com/product/534435/pokemon-sv-paldean-fates-tandemaus-073-091?page=1","data:image/gif;base64,R0lGODlhAQABAIAAAAAAAP///yH5BAEAAAAALAAAAAABAAEAAAIBRAA7"
"SV: Shrouded FableRare, #032/064Zoroark1697 listings from $0.05Market Price:$0.07","Shrouded Fable","",null,"0.07","0.05","1697","https://www.tcgplayer.com/product/560342/pokemon-sv-shrouded-fable-zoroark?page=1","data:image/gif;base64,R0lGODlhAQABAIAAAAAAAP///yH5BAEAAAAALAAAAAABAAEAAAIBRAA7"
"SV: Shrouded FableCode CardCode Card - Shrouded Fable Booster Pack121 listings from $0.04Market Price:$0.07","Shrouded Fable","",null,"0.07","0.04","121","https://www.tcgplayer.com/product/562361/pokemon-sv-shrouded-fable-code-card-shrouded-fable-booster-pack?page=1","https://tcgplayer-cdn.tcgplayer.com/product/562361_in_200x200.jpg"
"SV: Shrouded FableCommon, #028/064Golbat1322 listings from $0.01Market Price:$0.07","Shrouded Fable","",null,"0.07","0.01","1322","https://www.tcgplayer.com/product/560338/pokemon-sv-shrouded-fable-golbat?page=1","data:image/gif;base64,R0lGODlhAQABAIAAAAAAAP///yH5BAEAAAAALAAAAAABAAEAAAIBRAA7"
"SV04: Paradox RiftUncommon, #009/182Steenee1405 listings from $0.01Market Price:$0.06","Paradox Rift","",null,"0.06","0.01","1405","https://www.tcgplayer.com/product/523608/pokemon-sv04-paradox-rift-steenee?page=1","data:image/gif;base64,R0lGODlhAQABAIAAAAAAAP///yH5BAEAAAAALAAAAAABAAEAAAIBRAA7"
"SV: Shrouded FableUncommon, #054/064Academy at Night1814 listings from $0.01Market Price:$0.05","Shrouded Fable","",null,"0.05","0.01","1814","https://www.tcgplayer.com/product/560365/pokemon-sv-shrouded-fable-academy-at-night?page=1","data:image/gif;base64,R0lGODlhAQABAIAAAAAAAP///yH5BAEAAAAALAAAAAABAAEAAAIBRAA7"
"SV06: Twilight MasqueradeCode CardCode Card - Twilight Masquerade Booster Pack199 listings from $0.03Market Price:$0.04","Twilight Masquerade","",null,"0.04","0.03","199","https://www.tcgplayer.com/product/552698/pokemon-sv06-twilight-masquerade-code-card-twilight-masquerade-booster-pack?page=1","https://tcgplayer-cdn.tcgplayer.com/product/552698_in_200x200.jpg"
"SV10: Destined RivalsCode CardCode Card - Destined Rivals Booster Pack229 listings from $0.03Market Price:$0.04","All Pokemon Products","",null,"0.04","0.03","229","https://www.tcgplayer.com/product/633169/pokemon-sv10-destined-rivals-code-card-destined-rivals-booster-pack?page=1","data:image/gif;base64,R0lGODlhAQABAIAAAAAAAP///yH5BAEAAAAALAAAAAABAAEAAAIBRAA7"
"SV: Paldean FatesCode CardCode Card - Paldean Fates Booster Pack165 listings from $0.03Market Price:$0.04","SV: Paldean Fates","",null,"0.04","0.03","165","https://www.tcgplayer.com/product/536240/pokemon-sv-paldean-fates-code-card-paldean-fates-booster-pack?page=1","data:image/gif;base64,R0lGODlhAQABAIAAAAAAAP///yH5BAEAAAAALAAAAAABAAEAAAIBRAA7"
"SV: Prismatic EvolutionsCode CardCode Card - Prismatic Evolutions Booster Pack241 listings from $0.03Market Price:$0.04","All Pokemon Products","",null,"0.04","0.03","241","https://www.tcgplayer.com/product/614046/pokemon-sv-prismatic-evolutions-code-card-prismatic-evolutions-booster-pack?page=1","https://tcgplayer-cdn.tcgplayer.com/product/614046_in_200x200.jpg"
"SV: Shrouded FableCommon, #043/064Varoom1467 listings from $0.03Market Price:$0.04","Shrouded Fable","",null,"0.04","0.03","1467","https://www.tcgplayer.com/product/560353/pokemon-sv-shrouded-fable-varoom?page=1","data:image/gif;base64,R0lGODlhAQABAIAAAAAAAP///yH5BAEAAAAALAAAAAABAAEAAAIBRAA7"
"SV03: Obsidian FlamesCode CardCode Card - Obsidian Flames Booster Pack286 listings from $0.02Market Price:$0.04","Obsidian Flames","",null,"0.04","0.02","286","https://www.tcgplayer.com/product/510902/pokemon-sv03-obsidian-flames-code-card-obsidian-flames-booster-pack?page=1","https://tcgplayer-cdn.tcgplayer.com/product/510902_in_200x200.jpg"
"SV07: Stellar CrownCode CardCode Card - Stellar Crown Booster Pack215 listings from $0.01Market Price:$0.04","Stellar Crown","",null,"0.04","0.01","215","https://www.tcgplayer.com/product/580328/pokemon-sv07-stellar-crown-code-card-stellar-crown-booster-pack?page=1","https://tcgplayer-cdn.tcgplayer.com/product/580328_in_200x200.jpg"
"SV08: Surging SparksCode CardCode Card - Surging Sparks Booster Pack287 listings from $0.01Market Price:$0.04","All Pokemon Products","",null,"0.04","0.01","287","https://www.tcgplayer.com/product/594248/pokemon-sv08-surging-sparks-code-card-surging-sparks-booster-pack?page=1","data:image/gif;base64,R0lGODlhAQABAIAAAAAAAP///yH5BAEAAAAALAAAAAABAAEAAAIBRAA7"
"SV09: Journey TogetherCode CardCode Card - Journey Together Booster Pack239 listings from $0.01Market Price:$0.04","All Pokemon Products","",null,"0.04","0.01","239","https://www.tcgplayer.com/product/625974/pokemon-sv09-journey-together-code-card-journey-together-booster-pack?page=1","data:image/gif;base64,R0lGODlhAQABAIAAAAAAAP///yH5BAEAAAAALAAAAAABAAEAAAIBRAA7"
"SV05: Temporal ForcesCode CardCode Card - SV05: Temporal Forces Booster Pack205 listings from $0.02Market Price:$0.03","Temporal Forces","",null,"0.03","0.02","205","https://www.tcgplayer.com/product/543577/pokemon-sv05-temporal-forces-code-card-sv05-temporal-forces-booster-pack?page=1","https://tcgplayer-cdn.tcgplayer.com/product/543577_in_200x200.jpg"
"SV04: Paradox RiftCode CardCode Card - Paradox Rift Booster Pack283 listings from $0.01Market Price:$0.03","Paradox Rift","",null,"0.03","0.01","283","https://www.tcgplayer.com/product/525635/pokemon-sv04-paradox-rift-code-card-paradox-rift-booster-pack?page=1","https://tcgplayer-cdn.tcgplayer.com/product/525635_in_200x200.jpg"
"SV: Scarlet & Violet 151Code CardCode Card - 151 Booster Pack271 listings from $0.01Market Price:$0.02","All Pokemon Products","",null,"0.02","0.01","271","https://www.tcgplayer.com/product/517267/pokemon-sv-scarlet-and-violet-151-code-card-151-booster-pack?page=1","data:image/gif;base64,R0lGODlhAQABAIAAAAAAAP///yH5BAEAAAAALAAAAAABAAEAAAIBRAA7"